Date,Open,High,Low,Close,Volume
2010-01-08,172.0,172.0,160.1,162.0,201234.72999999998
2010-01-15,163.6,173.38,160.5,169.87,185842.01
2010-01-22,170.0,172.26,161.89,164.13,102943.81
2010-01-29,163.85,170.35,162.51,168.54,142885.22
2010-02-05,168.88,171.88,164.2,171.25,116893.75
2010-02-12,171.25,175.6,170.52,173.09,76336.93
2010-02-26,173.0,173.1,164.7,166.84,71297.02
2010-03-05,166.45,167.45,164.0,164.41,77089.35
2010-03-12,164.48,164.98,161.59,161.92,73125.3
2010-03-19,161.91,161.91,157.75,158.76,70371.82
2010-03-26,159.24,160.88,156.92,159.66,91854.98999999999
2010-04-02,159.7,161.97,151.6,152.63,243655.22000000003
2010-04-09,151.9,152.99,147.79,149.14,181523.36000000002
2010-04-16,149.2,150.99,146.78,147.98,209200.80000000002
2010-04-23,148.01,149.6,140.12,143.83,257836.18
2010-04-30,139.0,139.58,127.75,129.03,311625.94
2010-05-07,127.99,131.24,125.5,130.01,117309.04000000001
2010-05-14,132.0,136.11,130.0,134.95,166643.88
2010-05-21,134.7,134.7,126.18,134.21,104561.86
2010-05-28,134.99,136.5,130.16,131.94,62859.55
2010-06-04,133.5,138.4,130.5,138.12,123950.73999999999
2010-06-11,137.0,142.6,136.0,138.71,101927.8
2010-06-18,139.2,139.49,131.01,132.26,32626.0
2010-06-25,132.4,134.5,128.83,130.52,95901.25
2010-07-02,130.2,130.22,125.51,127.68,84326.15
2010-07-09,126.5,132.2,124.56,131.06,74030.37
2010-07-16,130.8,134.34,128.51,133.81,86698.87
2010-07-23,133.05,141.02,132.91,140.71,125349.19
2010-07-30,140.71,143.1,137.5,138.67,149797.94
2010-08-06,138.63,149.35,138.63,148.2,141695.75
2010-08-13,148.25,153.59,146.0,150.39,129435.76
2010-08-20,150.41,156.42,148.48,148.89,148110.53
2010-08-27,148.25,152.99,148.0,151.06,61592.990000000005
2010-09-03,151.68,165.38,151.68,162.62,163357.1
2010-09-10,164.0,169.9,164.0,169.49,107764.43
2010-09-17,169.0,173.45,156.89,161.81,113951.97
2010-09-24,162.86,166.88,162.0,166.08,27516.43
2010-10-01,166.1,171.55,165.3,168.73,68984.48
2010-10-08,169.0,175.5,169.0,173.53,31608.89
2010-10-15,174.0,176.43,156.81,159.98,257917.0
2010-10-22,160.0,171.6,154.8,168.11,276054.27
2010-10-29,169.0,173.8,160.5,163.15,178604.7
2010-11-05,163.2,166.0,161.5,163.98,233488.36
2010-11-12,163.99,188.08,161.25,177.53,468354.61
2010-11-19,181.99,188.0,163.8,175.16,321080.4
2010-11-26,174.88,212.67,173.8,207.24,376589.08
2010-12-03,205.25,222.0,197.7,199.79,257158.41
2010-12-10,199.85,202.0,189.86,197.72,167469.77000000002
2010-12-17,197.5,212.5,193.5,204.42,286146.75
2010-12-24,205.98,206.66,187.0,188.72,234220.3
2010-12-31,189.0,189.99,177.4,183.92,212249.99
2011-01-07,186.9,187.9,178.44,179.72,186778.63999999998
2011-01-14,179.62,181.21,171.21,180.19,182544.58
2011-01-21,179.7,183.99,173.99,175.89,156026.6
2011-01-28,175.87,177.48,169.58,173.34,115375.54
2011-02-04,173.5,181.85,173.01,180.28,50200.89
2011-02-11,179.99,188.45,177.0,184.93,87685.47
2011-02-18,184.93,188.8,180.3,181.98,175988.26
2011-02-25,182.0,185.25,179.2,179.62,134895.68
2011-03-04,179.3,179.93,174.5,175.93,165334.28999999998
2011-03-11,175.84,184.2,174.8,180.04,166232.28
2011-03-18,179.52,194.1,177.03,191.15,227454.61000000002
2011-03-25,189.8,190.98,183.0,183.43,168679.34
2011-04-01,183.55,184.4,178.3,179.46,123175.51000000001
2011-04-08,179.4,179.9,174.78,175.66,97428.7
2011-04-15,175.45,179.34,170.77,172.38,180456.98
2011-04-22,172.18,177.59,171.21,176.15,108183.51
2011-04-29,180.0,185.08,177.68,182.31,176510.41
2011-05-06,183.0,188.08,182.0,185.81,124446.02
2011-05-13,186.58,189.5,182.78,187.66,78272.33
2011-05-20,187.5,201.66,186.0,200.83,220318.97
2011-05-27,200.0,202.79,193.21,193.74,134117.89
2011-06-03,192.18,212.7,191.77,211.61,189303.98
2011-06-10,211.98,211.99,199.8,202.56,122405.51
2011-06-17,202.5,209.99,198.8,208.63,133043.47999999998
2011-06-24,208.1,210.15,201.0,206.44,116185.33
2011-07-01,207.2,213.3,189.9,191.63,116839.31
2011-07-08,191.21,196.08,189.8,194.08,151290.59
2011-07-15,194.06,198.07,192.59,195.15,118799.13
2011-07-22,195.2,208.88,195.2,206.28,165304.84
2011-07-29,207.0,207.9,202.0,206.69,132755.82
2011-08-05,207.33,207.33,198.55,203.13,102576.91
2011-08-12,201.01,217.6,193.0,216.77,213660.39
2011-08-19,217.2,218.79,206.36,209.9,147325.28
2011-08-26,210.1,212.99,203.4,212.88,122532.59
2011-09-02,212.0,219.5,209.5,211.86,144435.24
2011-09-09,211.19,211.38,202.28,207.08,106937.09
2011-09-16,204.59,206.0,194.17,202.92,103726.19
2011-09-23,203.7,205.03,189.89,194.05,153650.13
2011-09-30,191.86,194.25,184.9,190.59,147651.1
2011-10-14,190.88,194.84,183.0,191.44,101078.79000000001
2011-10-21,192.17,201.5,190.6,194.39,117881.19
2011-10-28,195.8,206.8,194.4,205.01,140086.5
2011-11-04,205.3,211.5,202.51,207.76,130929.04000000001
2011-11-11,208.2,208.7,202.5,203.97,93126.72
2011-11-18,205.49,208.15,199.7,200.57,100810.8
2011-11-25,200.7,213.34,200.11,209.98,152374.81
2011-12-02,210.31,216.2,208.8,214.03,196050.88
2011-12-09,214.45,214.45,199.7,199.82,164918.33000000002
2011-12-16,199.82,201.98,195.05,201.78,132865.0
2011-12-23,200.97,202.8,195.8,200.76,99578.35
2011-12-30,200.61,200.62,186.49,193.3,155571.44
2012-01-06,191.5,192.77,181.65,186.64,89191.54
2012-01-13,186.0,194.66,181.77,188.69,153269.58000000002
2012-01-20,187.38,187.38,170.9,185.97,214190.7
2012-02-03,185.99,188.52,183.06,186.48,118122.27
2012-02-10,186.61,192.4,185.08,190.51,124433.13
2012-02-17,189.5,195.9,188.66,191.44,95799.70999999999
2012-02-24,192.96,198.21,190.4,198.08,112048.92000000001
2012-03-02,198.78,205.47,197.5,200.9,143830.1
2012-03-09,200.85,200.88,192.98,199.93,144040.66
2012-03-16,200.12,208.0,198.0,207.59,164376.24
2012-03-23,207.8,212.55,203.86,212.02,161769.25
2012-03-30,211.12,215.9,195.0,196.96,247163.63
2012-04-06,196.1,208.08,196.1,207.97,67690.87
2012-04-13,207.55,214.05,203.51,213.03,111526.15
2012-04-20,212.5,215.4,207.81,212.5,100451.01000000001
2012-04-27,211.72,225.48,209.86,224.56,128341.12000000001
2012-05-04,226.0,234.88,222.0,234.0,92873.64
2012-05-11,234.8,237.76,225.9,227.69,157653.91
2012-05-18,228.0,228.0,215.9,217.92,143555.43
2012-05-25,217.58,232.77,216.0,218.58,179337.31
2012-06-01,218.01,243.0,217.81,240.37,129405.81
2012-06-08,238.0,242.99,236.0,238.98,104581.4
2012-06-15,238.9,246.41,232.13,243.38,118461.79000000001
2012-06-22,243.41,248.31,238.8,239.78,65265.78
2012-06-29,238.1,242.31,232.62,239.15,113251.26
2012-07-06,240.0,261.98,236.02,259.99,182833.33
2012-07-13,259.88,265.01,248.38,262.7,154345.28
2012-07-20,262.1,266.08,239.9,243.08,192247.09
2012-07-27,239.88,259.5,239.0,249.45,122194.20000000001
2012-08-03,249.25,254.0,241.15,246.96,97203.7
2012-08-10,246.64,261.65,244.02,248.21,172231.78
2012-08-17,248.48,249.99,228.5,229.62,155101.93
2012-08-24,229.61,239.9,225.98,231.88,120430.62
2012-08-31,230.5,230.63,213.5,219.76,142453.26
2012-09-07,237.0,243.0,229.1,241.6,202606.21
2012-09-14,241.71,246.5,237.98,244.76,112209.68000000001
2012-09-21,245.0,246.68,228.12,230.59,116480.13
2012-09-28,229.0,245.95,228.08,245.8,122651.86
2012-10-12,245.3,245.3,237.48,243.51,82843.98
2012-10-19,244.77,254.96,244.77,253.0,103509.64
2012-10-26,252.68,253.53,240.07,241.09,82511.17
2012-11-02,241.59,250.85,239.05,248.36,81112.33
2012-11-09,246.99,246.99,233.66,234.81,108528.28
2012-11-16,235.0,235.78,222.5,224.4,84228.32
2012-11-23,224.4,224.4,206.8,222.23,223262.25
2012-11-30,221.41,221.8,213.21,216.01,94477.79
2012-12-07,213.0,213.0,184.0,198.79,486844.98
2012-12-14,198.5,214.98,198.5,207.92,297480.7
2012-12-21,206.0,221.0,202.0,216.6,225403.44
2012-12-28,212.01,215.58,200.0,212.3,321965.98
2013-01-04,213.31,214.8,205.0,206.94,110285.17
2013-01-11,205.88,217.65,202.5,211.26,227845.54
2013-01-18,208.5,212.1,200.11,203.76,281840.23
2013-01-25,202.8,202.8,186.1,189.05,339090.86
2013-02-01,186.0,187.8,172.0,178.98,428197.1
2013-02-08,180.0,188.4,173.8,187.86,289125.02999999997
2013-02-22,188.3,188.3,175.02,185.59,247586.62
2013-03-01,184.0,185.35,172.0,173.82,207251.91
2013-03-08,173.72,188.6,173.65,184.13,259425.32
2013-03-15,183.8,186.1,175.1,176.97,162213.95
2013-03-22,176.9,176.9,164.1,169.05,324511.89
2013-03-29,169.0,171.21,162.31,168.86,201316.75
2013-04-05,168.09,168.46,163.18,163.85,83644.2
2013-04-12,162.14,174.4,160.45,172.23,222315.37
2013-04-19,172.27,180.0,169.6,179.23,191643.94999999998
2013-04-26,178.9,178.9,170.3,173.99,145768.52
2013-05-03,173.0,174.02,169.03,172.45,50047.31
2013-05-10,173.0,200.92,171.98,197.11,262544.27
2013-05-17,197.11,201.6,190.01,195.91,171294.03
2013-05-24,196.8,207.17,193.51,200.93,207516.61
2013-05-31,201.97,206.87,197.0,197.1,132404.48
2013-06-07,198.1,205.3,193.51,196.26,165693.82
2013-06-14,195.12,198.48,189.58,194.02,77517.31
2013-06-21,194.27,195.88,186.52,191.17,151217.17
2013-06-28,191.61,193.46,176.03,192.37,187268.95
2013-07-05,192.03,199.86,191.02,197.12,136700.39
2013-07-12,196.88,197.89,188.7,188.81,166640.72
2013-07-19,189.38,191.28,174.53,176.01,200026.2
2013-07-26,175.66,180.29,173.05,174.97,158471.87
2013-08-02,174.28,178.16,165.59,176.03,137680.69
2013-08-09,176.03,178.66,170.94,172.83,111971.05
2013-08-16,172.8,182.34,172.51,174.4,136887.66
2013-08-23,175.4,176.68,171.5,172.99,108742.71
2013-08-30,173.11,175.0,167.55,168.78,119590.34
2013-09-06,160.8,160.8,149.0,150.28,534038.69
2013-09-13,151.0,154.48,149.88,152.02,308354.92
2013-09-20,152.62,152.62,139.5,141.9,235252.75
2013-09-27,141.99,142.26,133.02,134.06,315884.86
2013-10-04,133.93,136.31,133.52,135.94,50460.64
2013-10-11,135.76,137.83,134.19,137.52,163183.37
2013-10-18,137.95,147.7,137.32,142.98,303561.64
2013-10-25,143.51,145.3,135.6,136.73,182658.96000000002
2013-11-01,135.78,136.77,131.5,135.18,149715.32
2013-11-08,135.45,141.01,134.7,136.14,134624.91
2013-11-15,138.0,146.45,136.18,143.44,211328.11
2013-11-22,144.0,144.86,137.98,138.47,169359.22
2013-11-29,137.78,142.65,137.52,141.44,100930.87
2013-12-06,140.01,140.27,135.34,138.75,157762.15
2013-12-13,138.6,138.7,136.0,136.4,108206.93
2013-12-20,136.01,136.42,126.0,126.65,124985.27
2013-12-27,126.43,127.7,124.14,126.2,125170.8
2014-01-03,126.45,129.31,122.5,123.98,135031.52
2014-01-10,122.88,124.9,118.01,119.27,149271.6
2014-01-17,119.3,122.65,118.05,120.3,152325.5
2014-01-24,121.9,135.69,121.02,135.5,245202.24
2014-01-31,134.89,143.78,131.0,132.2,188655.83000000002
2014-02-07,132.06,134.62,131.06,133.89,23865.61
2014-02-14,134.0,143.0,130.86,142.9,204520.0
2014-02-21,144.1,151.98,144.1,149.08,209902.55
2014-02-28,149.1,151.08,139.05,150.02,171544.8
2014-03-07,150.0,167.2,148.33,165.49,247746.64
2014-03-14,164.8,166.0,154.03,163.87,192882.14
2014-03-21,165.0,176.2,162.01,171.4,201252.4
2014-03-28,171.0,175.73,151.01,152.64,232418.69
2014-04-04,152.01,169.66,152.0,164.06,161453.81
2014-04-11,163.92,179.6,159.5,176.08,191950.03999999998
2014-04-18,174.7,177.77,170.19,175.31,124091.06
2014-04-25,174.01,176.71,161.79,164.69,182893.26
2014-05-02,162.08,165.48,159.81,163.88,80245.75
2014-05-09,163.5,163.5,157.08,160.62,93746.46
2014-05-16,162.29,162.3,154.01,155.16,111601.37
2014-05-23,152.5,153.6,143.6,152.3,174562.44
2014-05-30,154.9,155.93,152.8,153.22,53772.07
2014-06-06,153.0,155.65,149.33,153.59,53698.869999999995
2014-06-13,152.3,155.38,151.16,152.81,68591.82999999999
2014-06-20,152.9,154.78,152.2,153.18,70198.16
2014-06-27,153.5,163.8,139.22,140.38,168514.02
2014-07-04,141.18,144.18,140.4,143.32,83149.13
2014-07-11,142.8,144.28,140.6,141.87,88892.81
2014-07-18,141.87,165.0,141.5,160.98,224870.2
2014-07-25,160.39,169.1,158.59,163.88,151316.15000000002
2014-08-01,164.23,167.99,156.5,162.98,202328.58000000002
2014-08-08,163.0,166.66,159.8,162.14,146739.31
2014-08-15,162.48,164.78,160.15,161.54,118890.73
2014-08-22,162.0,162.32,158.45,159.27,148388.43
2014-08-29,159.27,160.15,155.0,158.23,87251.85
2014-09-05,158.2,168.16,157.71,167.51,158446.44
2014-09-12,167.65,167.97,160.32,162.45,87662.08
2014-09-19,161.9,161.91,157.02,160.85,142356.32
2014-09-26,160.71,163.98,155.6,162.31,194754.7
2014-10-03,162.33,163.2,161.2,162.13,45062.78
2014-10-10,161.0,161.1,157.7,159.02,125045.44
2014-10-17,157.81,159.05,153.68,158.38,159236.65
2014-10-24,158.38,160.28,156.4,158.88,147555.18
2014-10-31,156.97,159.56,154.35,156.68,155451.26
2014-11-07,156.75,156.88,145.5,148.04,235204.02999999997
2014-11-14,150.0,157.63,149.0,157.29,265236.49
2014-11-21,168.0,168.0,150.2,153.13,348453.96
2014-11-28,153.88,157.22,152.0,155.84,355808.94999999995
2014-12-05,156.57,178.96,156.0,170.92,569013.71
2014-12-12,168.84,186.62,167.2,176.59,465378.01
2014-12-19,176.6,184.1,175.43,180.82,270312.79000000004
2014-12-26,179.65,193.49,175.88,187.57,309578.39
2015-01-02,188.1,190.0,182.0,189.62,192279.11
2015-01-09,189.62,204.24,188.69,190.31,298840.52
2015-01-16,190.0,192.59,180.88,186.11,227589.69
2015-01-23,181.0,184.36,171.47,181.02,249716.21
2015-01-30,181.7,183.5,175.0,177.18,188214.22
2015-02-06,175.51,182.08,173.5,174.6,175411.87
2015-02-13,175.77,185.2,175.0,182.49,229005.27000000002
2015-02-20,182.54,183.89,181.22,182.22,73693.63
2015-02-27,183.0,194.5,181.11,191.05,185603.78
2015-03-06,190.8,193.8,183.27,183.62,176437.43
2015-03-13,185.8,195.99,183.8,189.91,177682.15
2015-03-20,190.06,199.99,187.01,193.15,201282.99
2015-03-27,194.67,199.9,192.0,194.55,250548.59
2015-04-03,194.68,200.77,192.78,196.81,342650.08
2015-04-10,196.85,210.68,195.8,200.22,360100.68000000005
2015-04-17,201.55,248.7,198.94,232.56,506373.5
2015-04-24,230.0,269.0,229.0,258.49,574187.0
2015-05-01,257.58,267.8,246.1,252.23,289629.76
2015-05-08,252.66,259.0,239.88,254.17,314671.86
2015-05-15,251.5,262.97,241.61,245.17,263328.76
2015-05-22,245.0,276.8,240.1,275.86,261090.69999999998
2015-05-29,270.0,290.0,259.89,263.83,293991.17
2015-06-05,263.94,272.98,240.0,253.84,354977.29
2015-06-12,251.51,273.0,249.8,266.0,398185.97
2015-06-19,266.98,272.0,234.02,235.31,356822.03
2015-06-26,239.8,265.2,234.13,242.45,342807.95
2015-07-03,248.37,282.6,227.8,249.81,622761.43
2015-07-10,267.95,283.0,219.76,265.59,1123855.0799999998
2015-07-17,258.0,265.58,224.74,228.29,479004.78
2015-07-24,227.15,227.9,215.77,219.21,312716.8
2015-07-31,217.0,221.3,197.48,206.83,312025.79
2015-08-07,205.0,213.98,203.0,206.93,236001.97999999998
2015-08-14,207.01,214.29,205.13,209.98,219064.97
2015-08-21,208.02,208.82,186.12,186.33,270671.28
2015-08-28,181.0,199.9,166.2,192.65,481443.79
2015-09-04,189.34,195.5,185.18,194.61,257108.34000000003
2015-09-11,192.6,194.1,185.0,192.91,144314.78
2015-09-18,192.43,209.54,187.9,199.43,217323.66999999998
2015-09-25,198.01,201.18,189.5,193.46,93672.1
2015-10-02,191.48,192.3,188.3,190.31,42385.549999999996
2015-10-09,198.78,201.58,196.5,196.95,50113.53
2015-10-16,199.0,204.49,197.01,200.74,115783.08
2015-10-23,204.94,217.6,197.01,210.98,143252.52
2015-10-30,212.0,218.3,208.0,213.86,108190.53
2015-11-06,214.6,223.28,208.4,218.42,140959.5
2015-11-13,222.0,224.66,214.83,215.11,137650.58000000002
2015-11-20,212.5,217.5,212.0,213.72,103165.58
2015-11-27,213.0,213.84,206.63,207.74,100738.81
2015-12-04,208.04,227.0,207.79,215.31,143444.56
2015-12-11,215.0,216.98,210.5,211.41,77590.73
2015-12-18,210.19,219.15,209.0,216.88,108647.94
2015-12-25,218.0,229.18,218.0,224.5,137290.14
2016-01-01,225.48,226.0,217.52,218.19,81190.38
2016-01-08,218.0,218.0,200.0,204.63,125678.26999999999
2016-01-15,203.16,206.18,195.51,199.0,160649.04
2016-01-22,198.0,210.33,197.2,202.74,172015.88
2016-01-29,203.0,204.47,195.62,200.65,106865.02
2016-02-05,202.1,205.88,199.89,203.87,83029.51000000001
2016-02-19,200.0,208.0,199.6,203.11,92173.47
2016-02-26,206.0,220.48,206.0,216.84,166163.13
2016-03-04,218.99,240.16,206.8,238.78,255691.68
2016-03-11,238.11,240.0,225.5,228.05,123942.91
2016-03-18,230.76,234.39,222.2,226.0,205275.02000000002
2016-03-25,226.66,249.79,226.65,244.98,208550.3
2016-04-01,244.98,253.38,244.44,245.09,157411.71
2016-04-08,243.0,257.6,243.0,249.86,122165.18
2016-04-15,250.5,255.18,241.0,244.9,244591.65
2016-04-22,242.8,247.88,235.8,247.4,131669.82
2016-04-29,247.12,252.43,243.0,251.2,117298.1
2016-05-06,250.55,262.39,250.55,252.22,125802.7
2016-05-13,250.13,260.48,249.01,250.96,157621.91999999998
2016-05-20,250.86,252.4,243.1,251.26,108759.76000000001
2016-05-27,249.72,255.21,249.2,252.44,79516.62
2016-06-03,251.5,286.74,250.0,283.89,195192.15
2016-06-10,282.0,283.0,273.5,274.28,79897.28
2016-06-17,273.35,282.49,266.25,278.26,135033.11
2016-06-24,279.77,279.97,267.2,273.77,90767.09
2016-07-01,275.0,298.2,275.0,286.17,180109.87
2016-07-08,287.0,326.8,286.0,309.91,214814.9
2016-07-15,309.03,326.6,309.03,317.52,220091.25999999998
2016-07-22,317.5,319.5,305.55,307.92,144399.33000000002
2016-07-29,307.6,320.6,307.0,313.15,167058.62
2016-08-05,313.0,313.95,302.85,305.93,124384.45999999999
2016-08-12,306.15,321.57,303.06,316.97,137534.33000000002
2016-08-19,315.8,322.48,304.8,306.48,216389.78
2016-08-26,306.13,309.58,300.07,301.45,110305.41
2016-09-02,308.0,312.0,304.67,305.78,135385.74
2016-09-09,306.2,310.36,304.0,304.63,102337.97
2016-09-16,302.0,304.0,297.77,299.57,73022.34
2016-09-23,300.05,301.57,289.11,297.68,129060.0
2016-09-30,297.0,299.63,287.56,297.91,130761.1
2016-10-14,298.51,309.0,298.51,305.6,110961.29
2016-10-21,305.45,308.75,301.5,304.19,89032.86
2016-10-28,302.6,318.43,302.6,317.05,169910.93
2016-11-04,319.0,322.8,313.68,314.82,123054.98999999999
2016-11-11,315.0,322.18,313.2,315.08,133953.73
2016-11-18,315.55,315.87,309.88,310.0,115506.29999999999
2016-11-25,311.02,318.0,308.37,316.89,147971.52
2016-12-02,317.55,330.45,316.6,321.77,193406.15
2016-12-09,319.2,340.0,315.82,337.76,195227.01
2016-12-16,337.7,340.0,323.58,327.58,188395.47
2016-12-23,326.0,334.37,319.13,320.03,131788.38
2016-12-30,319.03,335.29,316.2,334.15,119854.62
2017-01-06,334.28,359.78,332.81,350.76,195821.37
2017-01-13,347.8,352.88,343.5,344.87,126793.03
2017-01-20,344.13,358.48,338.8,354.99,167917.62
2017-01-27,356.88,359.8,341.3,344.42,120312.29000000001
2017-02-03,346.0,349.18,345.0,346.85,20936.43
2017-02-10,348.49,349.82,342.67,345.08,102670.13
2017-02-17,344.0,354.44,341.92,350.56,153148.18
2017-02-24,350.41,366.52,350.01,362.62,167710.32
2017-03-03,362.49,362.85,353.58,356.54,111075.34
2017-03-10,357.66,377.0,356.55,369.85,149500.63
2017-03-17,370.05,384.45,367.53,378.48,132968.93
2017-03-24,380.5,396.5,378.88,386.82,193332.14
2017-03-31,386.03,389.26,376.66,386.36,188264.33
2017-04-07,385.66,394.99,385.0,392.87,93744.41
2017-04-14,394.0,399.88,380.6,395.45,168698.02
2017-04-21,391.0,420.43,388.55,400.53,215715.41999999998
2017-04-28,400.62,428.68,389.0,413.48,260601.38
2017-05-05,411.6,422.78,409.18,416.19,107705.85
2017-05-12,416.18,417.0,398.0,413.47,172368.01
2017-05-19,413.12,441.8,413.12,440.82,173739.09
2017-05-26,439.04,456.48,436.2,451.92,180287.12
2017-06-02,450.0,450.95,440.11,447.31,106702.29
2017-06-09,448.04,470.8,442.35,465.74,138859.81
2017-06-16,467.0,477.5,461.26,462.63,176650.37
2017-06-23,461.96,477.93,461.96,472.73,184626.57
2017-06-30,473.01,485.0,467.8,471.85,176161.97999999998
2017-07-07,474.2,474.2,441.2,445.97,223498.66
2017-07-14,446.88,465.99,442.97,456.41,153854.55
2017-07-21,457.04,475.01,446.28,473.2,215635.39
2017-07-28,474.88,485.35,466.56,483.92,162330.4
2017-08-04,484.0,487.96,472.6,473.64,143137.47
2017-08-11,472.5,499.6,471.13,484.06,152882.37
2017-08-18,485.21,501.1,485.21,489.65,134786.39
2017-08-25,488.0,496.4,476.0,492.99,128673.29999999999
2017-09-01,493.0,497.29,488.01,495.18,122889.19
2017-09-08,495.18,496.66,474.0,474.37,149053.7
2017-09-15,471.09,494.03,469.98,489.84,148230.68
2017-09-22,490.14,502.5,490.14,499.93,118325.99
2017-09-29,500.31,525.88,500.3,517.64,123245.23000000001
2017-10-13,524.54,556.6,520.1,556.15,146808.8
2017-10-20,559.99,585.15,554.0,574.33,142257.93
2017-10-27,574.92,655.0,562.06,649.63,279940.86
2017-11-03,643.05,644.0,611.88,639.17,258757.49
2017-11-10,641.5,683.4,638.18,677.95,255750.5
2017-11-17,680.0,719.96,674.0,690.25,325850.44
2017-11-24,676.8,688.8,622.23,630.04,498961.66000000003
2017-12-01,634.0,651.97,613.01,622.35,265816.37
2017-12-08,623.95,647.4,615.26,627.28,256443.57
2017-12-15,631.0,671.3,631.0,653.79,233464.85
2017-12-22,660.0,687.42,658.58,682.92,221833.19
2017-12-29,686.0,726.5,662.5,697.49,305983.93
2018-01-05,700.0,746.03,689.89,738.36,213826.04
2018-01-12,735.02,788.88,735.02,788.42,261155.06
2018-01-19,793.46,799.06,738.51,750.18,318515.07
2018-01-26,751.81,780.0,751.0,777.22,253993.79
2018-02-02,778.76,779.67,725.0,740.4,312852.38
2018-02-09,727.22,729.96,658.0,683.43,464442.23
2018-02-16,691.0,720.0,685.2,718.45,148221.33000000002
2018-02-23,727.3,756.56,723.24,742.48,88923.45999999999
2018-03-02,746.88,756.0,719.0,736.41,205377.0
2018-03-09,738.18,742.0,697.13,728.2,201921.3
2018-03-16,729.55,753.98,707.22,739.85,207825.57
2018-03-23,743.97,753.99,700.08,711.06,184320.23
2018-03-30,708.0,725.88,658.41,683.62,322966.51
2018-04-06,680.0,700.43,674.11,694.01,129165.97
2018-04-13,697.1,714.78,685.08,686.86,146862.61
2018-04-20,680.58,694.0,645.0,670.26,216448.28
2018-04-27,666.01,693.5,655.0,662.53,198157.09
2018-05-04,660.0,674.83,645.06,662.87,143961.47999999998
2018-05-11,659.95,730.5,657.77,718.02,258855.77
2018-05-18,724.0,746.44,721.19,739.32,177638.81
2018-05-25,744.0,747.3,712.0,716.86,131255.05
2018-06-01,718.0,754.98,715.12,745.11,228803.1
2018-06-08,752.35,800.95,745.88,777.95,249531.36
2018-06-15,776.05,803.5,768.33,773.33,194946.34
2018-06-22,769.0,778.89,737.0,766.53,174071.25
2018-06-29,766.0,778.97,697.0,731.46,220573.36000000002
2018-07-06,734.52,739.33,678.23,714.12,249666.37
2018-07-13,720.03,748.1,702.22,746.99,162938.66
2018-07-20,752.3,764.11,728.0,741.13,133429.61
2018-07-27,736.0,749.88,720.01,738.56,143503.22999999998
2018-08-03,738.9,740.66,676.2,678.99,190431.42
2018-08-10,677.0,694.77,662.02,687.18,172322.57
2018-08-17,683.0,684.5,630.01,634.86,197778.75
2018-08-24,632.45,678.5,616.86,660.3,175224.4
2018-08-31,662.0,693.78,656.5,659.19,200679.11
2018-09-07,652.0,676.99,640.0,650.97,152314.38
2018-09-14,652.2,653.81,620.0,642.9,170469.79
2018-09-21,645.0,700.01,641.06,700.01,185330.15
2018-09-28,695.0,733.2,693.26,730.0,178526.01
2018-10-12,715.41,719.0,635.01,668.0,332120.57
2018-10-19,669.49,679.53,635.08,670.0,233433.42
2018-10-26,675.0,702.02,607.98,610.1,403229.88
2018-11-02,549.09,600.0,509.02,599.9,537621.17
2018-11-09,593.0,593.0,558.01,562.0,217291.56
2018-11-16,553.0,570.0,536.8,560.0,235792.29
2018-11-23,560.3,572.0,553.68,556.9,131569.35
2018-11-30,558.0,569.8,545.5,565.0,161171.85
2018-12-07,589.0,616.5,584.7,587.0,221076.49
2018-12-14,576.0,606.88,574.18,592.96,125832.71
2018-12-21,592.57,595.97,562.21,567.41,127415.4
2018-12-28,563.5,596.4,553.61,590.01,156740.86
2019-01-04,609.98,612.0,582.02,602.0,130947.31
2019-01-11,608.0,637.0,600.28,635.88,181408.64
2019-01-18,633.0,690.2,621.55,683.61,222391.33
2019-01-25,690.0,698.88,663.13,679.7,180940.57
2019-02-01,684.0,699.0,668.0,692.67,156362.61000000002
2019-02-15,695.0,743.66,688.18,724.78,184405.35
2019-02-22,731.0,744.95,714.1,726.01,160888.93
2019-03-01,730.75,790.0,717.99,789.3,327356.0
2019-03-08,795.0,798.33,733.65,737.5,288603.67
2019-03-15,740.04,787.5,739.0,777.3,260701.88
2019-03-22,778.8,814.53,777.0,794.0,216162.03
2019-03-29,786.0,866.68,764.1,853.99,266174.26
2019-04-05,860.0,868.95,834.21,865.0,212990.82
2019-04-12,900.0,951.9,890.12,914.0,291770.82
2019-04-19,931.0,960.95,901.22,952.56,184685.4
2019-04-26,959.5,990.0,940.61,945.0,217786.03
2019-05-03,945.0,989.0,935.0,974.0,88515.48000000001
2019-05-10,925.5,935.0,842.5,907.12,489272.44999999995
2019-05-17,898.86,933.0,873.0,906.79,264126.28
2019-05-24,900.0,910.0,856.22,878.5,220927.94
2019-05-31,879.1,924.95,860.05,890.0,255622.64
2019-06-07,892.0,901.35,858.0,862.13,143022.93
2019-06-14,857.98,932.3,840.0,913.0,248728.76
2019-06-21,907.0,984.49,902.6,976.3,229135.53
2019-06-28,978.3,1001.0,967.0,984.0,205730.18
2019-07-05,1004.52,1035.6,971.22,999.82,254787.03000000003
2019-07-12,995.05,998.38,968.35,986.09,152191.58
2019-07-19,967.8,982.3,947.18,955.87,185852.27
2019-07-26,960.0,971.0,938.15,965.03,172103.93
2019-08-02,962.03,983.0,943.0,954.45,143854.42
2019-08-09,945.0,980.95,923.8,962.03,174905.28
2019-08-16,1010.31,1075.58,995.01,1054.6,216563.72
2019-08-23,1061.0,1133.56,1049.05,1130.1,164319.41
2019-08-30,1113.0,1146.0,1083.01,1142.0,221892.96
2019-09-06,1139.99,1151.02,1120.11,1142.49,150427.07
2019-09-13,1145.0,1148.0,1066.0,1099.0,178534.28
2019-09-20,1083.0,1160.0,1083.0,1157.42,187989.66
2019-09-27,1157.0,1188.87,1131.0,1174.75,139228.59
2019-10-04,1163.0,1169.43,1150.0,1150.0,30825.14
2019-10-11,1153.0,1180.0,1109.02,1174.6,136696.79
2019-10-18,1186.0,1215.68,1160.0,1175.79,185173.13999999998
2019-10-25,1171.86,1181.5,1143.03,1171.35,119841.2
2019-11-01,1166.01,1199.96,1165.0,1185.0,120265.68
2019-11-08,1190.0,1215.65,1188.88,1205.0,109410.2
2019-11-15,1201.5,1240.0,1193.51,1224.9,108331.89
2019-11-22,1225.12,1241.61,1185.0,1194.0,120183.61
2019-11-29,1188.05,1198.6,1112.89,1129.0,209612.48
2019-12-06,1118.2,1170.0,1117.74,1170.0,154253.47
2019-12-13,1175.0,1176.0,1130.08,1163.0,110888.44
2019-12-20,1163.0,1175.2,1137.94,1146.3,136309.61
2019-12-27,1139.0,1172.0,1119.99,1163.0,131991.8
2020-01-03,1170.2,1195.5,1076.9,1078.56,341767.41000000003
2020-01-10,1070.86,1115.99,1067.3,1112.5,209658.36
2020-01-17,1112.5,1129.2,1101.01,1107.5,146353.91
2020-01-24,1111.86,1111.86,1037.0,1052.8,157933.82
2020-02-07,985.0,1077.0,980.0,1076.0,311935.22
2020-02-14,1062.0,1113.89,1057.2,1088.0,160221.74
2020-02-21,1082.5,1124.0,1078.0,1112.88,166487.35
2020-02-28,1105.5,1110.0,1049.97,1057.0,205041.81
2020-03-06,1050.11,1176.0,1050.01,1155.5,244773.63
2020-03-13,1135.0,1169.58,1080.0,1112.03,249530.53
2020-03-20,1103.98,1107.95,960.1,1035.28,366455.80000000005
2020-03-27,1000.0,1092.0,991.52,1075.5,198481.40000000002
2020-04-03,1060.25,1147.96,1057.0,1139.79,184700.35
2020-04-10,1161.95,1181.5,1147.96,1165.0,118333.73
2020-04-17,1165.0,1234.56,1148.5,1226.0,142086.74
2020-04-24,1221.0,1265.68,1193.0,1250.56,143518.5
2020-05-01,1257.0,1299.94,1250.96,1265.7,108670.74
2020-05-08,1251.0,1338.0,1250.0,1314.61,92848.23
2020-05-15,1320.0,1337.99,1301.88,1313.0,110380.31
2020-05-22,1306.0,1371.96,1305.13,1328.2,137812.01
2020-05-29,1330.0,1369.98,1321.0,1366.6,137738.86
2020-06-05,1381.0,1428.88,1381.0,1425.0,121381.69
2020-06-12,1425.0,1435.0,1383.31,1416.37,133752.23
2020-06-19,1402.0,1445.2,1381.0,1439.84,143243.86
2020-06-26,1435.1,1482.0,1433.2,1460.01,82320.25
2020-07-03,1448.0,1552.5,1437.01,1541.79,170218.77
2020-07-10,1538.0,1744.82,1531.81,1713.85,243789.55
2020-07-17,1714.68,1787.0,1600.0,1648.05,315677.86
2020-07-24,1652.5,1710.0,1585.0,1595.3,239523.57
2020-07-31,1616.01,1705.0,1600.0,1678.18,223505.9
2020-08-07,1686.88,1696.58,1598.5,1631.0,159014.16999999998
2020-08-14,1627.97,1666.43,1605.25,1661.0,145570.16
2020-08-21,1674.0,1720.0,1656.0,1676.0,148374.54
2020-08-28,1700.0,1764.0,1691.01,1757.0,163956.81
2020-09-04,1770.58,1828.0,1746.0,1770.0,172754.88
2020-09-11,1760.0,1777.99,1677.07,1733.0,147414.28
2020-09-18,1745.0,1769.99,1635.01,1695.0,185274.11
2020-09-25,1692.76,1692.76,1621.02,1635.11,134068.8
2020-10-02,1635.19,1691.9,1635.19,1668.5,68750.81
2020-10-09,1692.0,1706.42,1688.0,1696.0,34239.88
2020-10-16,1700.0,1750.62,1700.0,1712.0,120736.06
2020-10-23,1725.0,1747.59,1691.9,1715.33,107635.18
2020-10-30,1619.0,1708.0,1600.0,1670.02,210025.43
2020-11-06,1675.0,1732.48,1672.0,1700.62,107583.3
2020-11-13,1701.38,1777.5,1691.0,1705.0,158138.44
2020-11-20,1711.0,1742.35,1680.6,1719.96,140706.89
2020-11-27,1771.01,1809.9,1718.0,1737.9,172125.83000000002
2020-12-04,1735.0,1800.1,1713.91,1793.11,175704.93
2020-12-11,1802.7,1875.0,1800.55,1820.0,214366.78
2020-12-18,1827.77,1869.01,1805.0,1845.0,157914.75
2020-12-25,1840.0,1906.2,1795.02,1830.0,179998.6
2021-01-01,1826.6,1998.98,1826.05,1998.0,126260.13
2021-01-08,1999.98,2150.88,1982.46,2090.0,234833.28
2021-01-15,2090.0,2173.33,2029.0,2082.0,222190.01
2021-01-22,2061.06,2100.0,1982.5,2079.95,198129.43
2021-01-29,2083.0,2187.0,2060.02,2116.18,193654.76
2021-02-05,2130.0,2364.6,2095.0,2313.0,206217.06
2021-02-12,2337.0,2601.2,2313.0,2601.0,130452.85
2021-02-19,2587.98,2627.88,2381.6,2460.0,125297.78
2021-02-26,2455.0,2455.0,2067.3,2122.78,344757.33999999997
2021-03-05,2179.0,2180.0,1988.0,2060.11,298763.71
2021-03-12,2074.96,2085.0,1900.18,2026.0,293628.62
2021-03-19,2050.0,2086.36,1951.15,2010.0,198153.93
2021-03-26,2000.1,2026.09,1946.8,2013.0,175309.3
2021-04-02,2043.2,2165.0,2000.0,2162.0,205388.78
2021-04-09,2161.0,2161.98,2005.01,2020.0,130299.22
2021-04-16,2011.0,2068.0,1990.0,2054.98,149709.78
2021-04-23,2055.0,2129.0,2033.0,2108.94,146506.82
2021-04-30,2132.0,2135.0,2003.0,2006.78,217181.06
2021-05-07,2000.0,2006.84,1901.0,1903.0,106039.53
2021-05-14,1900.0,2030.5,1866.01,2009.85,181884.97
2021-05-21,2025.1,2085.2,2025.1,2042.1,130543.39
2021-05-28,2051.0,2320.0,2031.0,2230.0,210089.91999999998
2021-06-04,2215.5,2288.0,2172.0,2251.5,140090.61
2021-06-11,2265.0,2279.99,2160.11,2178.81,157819.54
2021-06-18,2195.1,2208.88,2065.0,2090.94,132050.19
2021-06-25,2085.0,2109.0,2021.0,2092.0,173144.58000000002
2021-07-02,2100.0,2118.0,2011.5,2013.0,162375.26
2021-07-09,2000.0,2028.88,1945.0,1972.11,164250.17
2021-07-16,1975.55,2013.0,1940.5,1955.9,177303.33000000002
2021-07-23,1955.89,2006.0,1895.09,1900.0,169983.62
2021-07-30,1879.0,1879.0,1657.76,1678.99,412165.05
2021-08-06,1664.0,1768.99,1620.72,1671.0,283696.68
2021-08-13,1651.0,1802.88,1650.0,1700.04,255100.88
2021-08-20,1696.0,1713.6,1525.5,1548.0,305064.49
2021-08-27,1537.88,1680.87,1536.77,1596.03,288546.39
2021-09-03,1605.0,1659.79,1531.1,1658.22,268252.86
2021-09-10,1649.0,1708.16,1624.01,1662.58,172951.19
2021-09-17,1665.0,1705.6,1585.0,1686.0,204148.95
2021-09-24,1658.83,1719.98,1625.08,1694.0,131621.41
2021-10-01,1750.0,1863.4,1750.0,1830.0,259919.91
2021-10-08,1822.42,1878.0,1807.23,1839.6,47451.96
2021-10-15,1839.51,1949.95,1831.01,1916.97,173607.93
2021-10-22,1888.0,1921.01,1787.0,1901.0,197611.27000000002
2021-10-29,1880.0,1885.01,1800.1,1826.08,146505.67
2021-11-05,1780.0,1844.99,1760.0,1819.94,160227.19
2021-11-12,1820.0,1830.8,1735.0,1773.78,120664.91
2021-11-19,1773.68,1849.0,1750.0,1828.41,133655.53
2021-11-26,1849.0,1986.2,1848.0,1941.01,215275.68
2021-12-03,1960.0,1990.0,1919.02,1971.88,161818.82
2021-12-10,1983.0,2116.92,1946.73,2090.0,236479.24
2021-12-17,2154.0,2180.0,2036.0,2050.7,221948.78
2021-12-24,2050.7,2216.96,2012.83,2194.09,171202.5
2021-12-31,2168.0,2168.0,2028.0,2050.0,184181.88999999998
2022-01-07,2055.0,2068.95,1938.51,1942.0,143849.57
2022-01-14,1928.01,1978.8,1863.0,1867.0,165446.43
2022-01-21,1868.0,1993.49,1835.34,1984.99,149767.02000000002
2022-01-28,1955.0,2010.82,1880.01,1887.0,157086.32
2022-02-11,1900.99,1913.56,1790.0,1849.97,167526.59
2022-02-18,1840.0,1911.48,1837.31,1907.0,99487.73
2022-02-25,1900.0,1906.9,1748.1,1799.06,205564.53
2022-03-04,1787.06,1863.57,1755.1,1780.5,158970.77
2022-03-11,1760.2,1821.0,1703.8,1769.01,246994.24
2022-03-18,1730.0,1755.0,1593.0,1707.79,322355.93
2022-03-25,1724.0,1770.0,1685.0,1690.0,162522.57
2022-04-01,1625.0,1793.0,1604.0,1780.01,195945.82
2022-04-08,1753.0,1788.73,1750.1,1784.0,70956.8
2022-04-15,1770.0,1835.9,1706.03,1805.99,175331.8
2022-04-22,1781.13,1832.99,1760.18,1773.0,125005.99
2022-04-29,1750.0,1849.0,1700.0,1828.38,234519.75
2022-05-06,1830.0,1870.0,1781.0,1793.0,62257.12
2022-05-13,1780.0,1797.94,1705.01,1778.24,143552.43
2022-05-20,1797.0,1801.15,1739.0,1800.01,134486.35
2022-05-27,1800.0,1803.89,1730.0,1755.16,125061.06
2022-06-03,1766.0,1814.9,1766.0,1786.0,113891.25
2022-06-10,1790.0,1907.0,1758.0,1900.6,189817.3
2022-06-17,1890.0,1952.0,1832.0,1951.0,177263.34
2022-06-24,1950.0,2020.0,1928.0,2009.01,144816.62
2022-07-01,2019.94,2077.0,1999.99,2029.05,156299.88
2022-07-08,2020.01,2054.45,1985.01,1999.0,120732.61
2022-07-15,1990.2,1999.68,1930.06,1949.5,121193.31
2022-07-22,1952.36,1970.0,1922.0,1947.0,104056.3
2022-07-29,1949.51,1964.97,1878.1,1898.44,130989.63
2022-08-05,1890.01,1935.0,1858.01,1923.96,124299.69
2022-08-12,1915.15,1932.88,1864.58,1928.0,104921.56
2022-08-19,1920.46,1939.5,1881.07,1895.01,89231.55
2022-08-26,1885.01,1912.0,1851.0,1898.0,102977.93
2022-09-02,1883.0,1925.56,1854.2,1875.0,122732.92000000001
2022-09-09,1862.64,1869.0,1811.01,1844.79,129638.5
2022-09-16,1880.0,1893.12,1855.11,1859.0,89666.14
2022-09-23,1855.0,1888.59,1816.85,1834.43,104686.33
2022-09-30,1820.0,1902.18,1819.98,1872.5,128279.82
2022-10-14,1890.0,1891.0,1697.0,1737.61,239315.28999999998
2022-10-21,1726.0,1730.0,1610.0,1624.0,203438.68
2022-10-28,1570.0,1589.0,1358.71,1360.0,495489.08
2022-11-04,1350.0,1527.77,1333.0,1516.57,395557.93
2022-11-11,1494.05,1544.45,1435.15,1528.15,229780.24
2022-11-18,1543.5,1598.97,1521.0,1567.13,194724.1
2022-11-25,1541.35,1568.88,1498.53,1522.01,137482.5
2022-12-02,1484.78,1680.0,1451.0,1633.88,227882.22
2022-12-09,1668.0,1730.0,1649.0,1730.0,174746.02000000002
2022-12-16,1715.86,1816.0,1715.0,1786.87,149176.13
2022-12-23,1798.8,1798.8,1682.45,1771.0,134496.19
2022-12-30,1771.0,1771.0,1701.05,1727.0,108477.67
2023-01-06,1731.2,1811.9,1706.01,1803.77,119296.15
2023-01-13,1835.0,1888.0,1807.82,1887.0,125562.09
2023-01-20,1886.0,1935.0,1858.0,1860.01,128258.06
2023-02-03,1909.0,1909.0,1795.68,1818.0,167590.88
2023-02-10,1780.0,1829.75,1760.0,1810.0,131396.6
2023-02-17,1810.0,1887.0,1810.0,1820.78,135578.15
2023-02-24,1821.0,1878.8,1782.18,1788.0,116803.95
2023-03-03,1778.5,1848.0,1775.02,1818.04,99817.05
2023-03-10,1818.18,1818.5,1740.0,1750.0,114967.27
2023-03-17,1751.0,1784.88,1736.0,1742.0,108147.03
2023-03-24,1751.0,1793.0,1723.97,1778.62,97088.63
2023-03-31,1778.6,1848.0,1756.0,1820.0,94653.23
2023-04-07,1825.0,1827.77,1787.0,1790.99,69882.59
2023-04-14,1790.88,1793.0,1684.01,1713.42,160506.63
2023-04-21,1740.0,1769.0,1721.28,1725.47,101784.92
2023-04-28,1721.0,1782.77,1701.0,1760.52,120534.7
2023-05-05,1769.0,1777.67,1736.0,1750.0,48180.63
2023-05-12,1768.32,1769.0,1705.01,1706.4,118028.39
2023-05-19,1702.0,1719.99,1655.55,1699.5,110701.3
2023-05-26,1690.01,1754.0,1675.01,1690.56,117414.5
2023-06-02,1697.0,1698.89,1618.0,1670.6,134885.05
2023-06-09,1666.16,1684.0,1650.0,1666.0,86287.19
2023-06-16,1666.02,1800.0,1661.52,1797.69,136338.24
2023-06-23,1790.0,1797.95,1735.0,1735.83,70367.27
2023-06-30,1720.11,1734.99,1686.48,1691.0,92430.55
2023-07-07,1699.0,1734.44,1690.0,1690.03,76664.9
2023-07-14,1705.0,1758.5,1700.0,1753.0,83701.62
2023-07-21,1751.0,1772.5,1713.8,1771.3,97627.4
2023-07-28,1750.52,1900.0,1750.52,1897.0,141769.63
2023-08-04,1908.0,1935.0,1850.5,1893.47,129235.06
2023-08-11,1880.95,1905.0,1833.88,1834.0,105374.77
2023-08-18,1810.0,1834.99,1796.0,1802.59,86047.2
2023-08-25,1793.0,1837.77,1770.08,1824.98,110360.34
2023-09-01,1898.58,1898.58,1828.0,1851.05,117779.63
2023-09-08,1862.6,1879.94,1814.95,1818.5,79844.52
2023-09-15,1808.0,1840.0,1781.3,1781.99,93531.49
2023-09-22,1776.31,1849.96,1773.0,1849.0,113929.85
2023-09-29,1847.5,1848.0,1797.8,1798.55,71158.87
2023-10-13,1796.94,1798.98,1738.19,1751.0,111884.41
2023-10-20,1750.98,1756.0,1616.25,1645.0,174920.76
2023-10-27,1629.97,1698.0,1621.21,1676.71,147923.41
2023-11-03,1669.0,1850.0,1667.85,1811.24,195171.91
2023-11-10,1820.0,1823.79,1773.1,1775.84,88917.23
2023-11-17,1772.28,1784.88,1737.9,1753.42,83892.76000000001
2023-11-24,1755.0,1798.0,1736.66,1777.0,86006.1
2023-12-01,1773.3,1794.76,1748.0,1760.28,102334.56
2023-12-08,1760.28,1761.83,1687.3,1704.92,123524.28
2023-12-15,1690.0,1709.99,1635.02,1645.0,174395.0
2023-12-22,1640.0,1679.87,1635.0,1670.65,115874.65
2023-12-29,1671.0,1749.58,1657.5,1726.0,109174.56
2024-01-05,1715.0,1718.19,1652.11,1663.36,94179.66
2024-01-12,1661.0,1662.0,1635.07,1643.06,95392.7
2024-01-19,1635.0,1654.97,1555.55,1635.0,202208.16999999998
2024-01-26,1629.0,1644.1,1603.56,1637.32,173157.69
2024-02-02,1640.3,1660.58,1581.0,1596.0,157803.3
2024-02-09,1596.0,1725.0,1595.25,1706.0,204960.01
2024-02-23,1737.87,1737.93,1656.56,1717.66,117601.58
